Mayur,Kidi,mayurkidi77@gmail.com
Test,test,test@gmail.com
Test1,test1,test1@gmail.com
Test2,test2,test2@gmail.com
Test3,test3,test3@gmail.com
Test4,test4,test4@gmail.com
Test5,test5,test5@gmail.com
Test6,test6,test6@gmail.com
Test7,test7,test7@gmail.com
Test7,test7,test7@gmail.com
Test7,test7,test7@gmail.com
Test7,test7,test7@gmail.com
Test7,test7,test7@gmail.com
Test7,test7,test7@gmail.com
Test7,test7,test7@gmail.com
Test7,test7,test7@gmail.com
Test7,test7,test7@gmail.com
Test7,test7,test7@gmail.com
Test7,test7,test7@gmail.com
Test7,test7,test7@gmail.com
Test7,test7,test7@gmail.com
Test7,test7,test7@gmail.com
